id,pestle,titulo,autor,fuente,url,fecha_publicacion,fecha_captura,palabras_clave,alcance,horizonte,tipo_hallazgo,descripcion,como_cambia,stakeholders,efecto,impacto,probabilidad,plausibilidad,novedad,oportunidad_temporal,sombrero_mad_hatter,nivel_kuosa,futuros_integrales,foda,arquetipo_dator,cla,horizonte_ord,ambito
S01,Político,México y EE. UU. concluyen la tercera ronda de revisión conjunta del T-MEC; cuarta ronda en septiembre,El Financiero (redacción),El Financiero,https://www.elfinanciero.com.mx/economia/2026/07/24/termina-tercera-ronda-para-revisar-el-t-mec-con-avances-entre-mexico-y-eu/,2026-07-24,2026-08-17,"T-MEC, revisión conjunta, reglas de origen, USTR",México y el mundo,Mediano (3-6 años),Tendencia ya identificada,"La revisión conjunta del T-MEC entra en una cuarta ronda sin acuerdos definitivos; persisten temas abiertos de seguridad económica, acero, aluminio y automotriz.","Antes: certidumbre de 30 años de acceso preferencial. Después: revisión anual obligatoria hasta 2036, con renegociación continua de reglas de origen.","Empresas exportadoras mexicanas, gobierno federal, industria automotriz y de autopartes",Confirma escenario actual,5,5,5,1,1,Blanco,Driver top-down (Cambio institucionalizado),Sistémico,Amenaza,Continuidad,Sistemas,2,México y el mundo
S02,Político,"Estados Unidos designa al Cartel de los Soles como Organización Terrorista Extranjera, con Maduro señalado como líder",U.S. Department of State,Departamento de Estado de EE. UU.,https://www.state.gov/releases/office-of-the-spokesperson/2025/11/terrorist-designations-of-cartel-de-los-soles,2025-11-16,2026-08-17,"narcoterrorismo, designación FTO, Venezuela, uso de fuerza",Global,Mediano (3-6 años),Nuevo plan / intención,"La designación de un cártel como organización terrorista amplía las herramientas legales de EE. UU., incluyendo potencialmente las militares, contra un gobierno extranjero.",Antes: el combate al narcotráfico se enmarcaba en cooperación policial y sanciones económicas. Después: se abre la puerta jurídica a opciones militares directas.,"Gobiernos de América Latina, organismos multilaterales, empresas con operaciones regionales",Crea nuevo escenario,3,3,4,3,2,Negro,Driver top-down (Cambio institucionalizado),Sistémico,Amenaza,Sociedad disciplinada,Sistemas,2,Global
S03,Político,La UE pide a Marruecos usar todo el margen posible tras nuevos cruces migratorios en Ceuta,Reuters (redacción),Reuters,https://www.reuters.com/world/africa/eu-should-use-all-leverage-secure-moroccos-cooperation-eu-migration-chief-says-2026-08-06/,2026-08-06,2026-08-17,"migración, Ceuta, Marruecos, frontera, presión diplomática",Global,Largo (6-10 años),Tendencia ya identificada,Flujos migratorios recurrentes en fronteras del Mediterráneo siguen forzando despliegues y tensiones diplomáticas bilaterales.,Antes: la migración se gestionaba como asunto humanitario bilateral. Después: se convierte en palanca de negociación política y comercial entre bloques.,"Uniòn Europea, Marruecos, aseguradoras de riesgo país, empresas con exposición migratoria",Confirma escenario actual,1,2,4,3,4,Blanco,Tendencia bloqueadora (contrafuerza),Comportamental,Amenaza,Sociedad disciplinada,Sistemas,3,Global
S04,Político,"La Secretaría de Marina asume la administración de aeropuertos civiles, mientras un analista de defensa cuestiona la viabilidad de sus capacidades navales","Forbes México (redacción); análisis de Christian J. Ehrlich, Riskop / ISDR",Forbes México; mxdefenseandsecurity.com (Ehrlich),https://www.unotv.com/nacional/por-que-la-semar-controla-aduanas-y-desde-cuando-cronologia/,2025-09-09,2026-08-17,"Marina, poder marítimo, consciencia marítima, seguridad nacional",México,Largo (6-10 años),Tendencia ya identificada,La Marina administra aeropuertos civiles y participa en tareas migratorias y aduanales; se cuestiona si esta dispersión de tareas es compatible con relanzar la construcción naval y las capacidades marítimas de la institución.,"Antes: la Marina concentraba doctrina y presupuesto en el dominio marítimo. Después: dispersa capacidad institucional en tareas no marítimas (aeropuertos, migración, aduanas), mientras el propio Programa Sectorial 2025-2030 declara una 'Visión 2030: México como Nación Marítima' que exige lo contrario.","Secretaría de Marina, sector pesquero, seguridad de rutas marítimas nacionales, industria naval",Crea nuevo escenario,2,3,3,4,3,Negro,Driver top-down (Cambio institucionalizado),Sistémico,Debilidad,Transformación,Cosmovisiones,3,México
S05,Económico,China impone aranceles de entre 17.8% y 51.6% a la nuez pecana mexicana,Líder Empresarial (redacción),Líder Empresarial,https://www.liderempresarial.com/nuez-mexicana-estados-lideres-valor-exportaciones/,2026-08-11,2026-08-17,"nuez pecana, aranceles, China, agroexportación",México,Corto (1-3 años),Hecho actual,Aranceles provisionales elevan el costo de entrada de la nuez pecana mexicana a uno de sus principales mercados fuera de Norteamérica.,Antes: China era un mercado alterno viable frente a la dependencia de EE. UU. Después: ese mercado alterno se encarece hasta volverse inviable.,"Productores de nuez pecana en el norte de México, cámaras agroexportadoras",Crea nuevo escenario,3,5,5,2,1,Blanco,Tendencia bloqueadora (contrafuerza),Sistémico,Amenaza,Colapso,Sistemas,1,México
S06,Económico,El Estrecho de Ormuz canaliza cerca de 25% del comercio mundial de petróleo y 19% del de GNL,Congressional Research Service,Library of Congress (CRS),https://www.congress.gov/crs-product/R45281,2026-08-07,2026-08-17,"Ormuz, petróleo, GNL, Irán, punto de estrangulamiento",Global,Corto (1-3 años),Tendencia ya identificada,"La estrechez del paso, la falta de rutas alternas y la escalada militar EE. UU.-Irán mantienen al Estrecho de Ormuz como punto crítico de riesgo energético global.","Antes: el precio del petróleo respondía a oferta y demanda. Después: reacciona a declaraciones políticas y ataques puntuales, con mayor volatilidad.","Importadores de energía, sector transporte, Banco de México (política monetaria)",Confirma escenario actual,4,4,5,1,1,Blanco,Megatendencia/Tendencia,Sistémico,Amenaza,Continuidad,Sistemas,1,Global
S07,Económico,La guerra en Ucrania encareció hasta 50% el costo de alimento para una porcícola mexicana por el alza de granos,El Financiero (redacción),El Financiero,https://www.elfinanciero.com.mx/empresas/2022/04/06/guerra-en-ucrania-tambien-pegara-al-precio-de-tus-tacos-de-carnitas-te-decimos-por-que/,2022-04-06,2026-08-17,"Ucrania, granos, porcicultura, cadena de suministro agrícola",México y el mundo,Mediano (3-6 años),Nuevo tema / problema,Un conflicto geográficamente lejano eleva el costo de insumos agrícolas para una empresa mexicana con presencia regional en Yucatán.,Antes: el costo del alimento porcino dependía de condiciones locales. Después: queda expuesto a shocks geopolíticos en otro continente.,"Empresas porcícolas y avícolas mexicanas, consumidores finales",Crea nuevo escenario,2,3,4,1,1,Blanco,Driver push (Fuerzas entorno),Sistémico,Amenaza,Transformación,Sistemas,2,México y el mundo
S08,Económico,EE. UU. busca cerrar vacíos de reglas de origen del T-MEC para limitar el aprovechamiento de terceros países,USTR,Oficina del Representante Comercial de EE. UU. (USTR),https://www.ustr.gov/about/policy-offices/press-office/press-releases/2026/july/united-states-and-mexico-convene-mexico-city-third-bilateral-negotiating-round-related-joint-review,2026-07-17,2026-08-17,"reglas de origen, T-MEC, contenido regional, autopartes",México,Mediano (3-6 años),Evento potencial,"La revisión del T-MEC busca elevar el contenido regional exigido, lo que puede obligar a sustituir proveedores extrarregionales en autopartes y electrónica.",Antes: cumplir el T-MEC era relativamente estable. Después: cumplir puede requerir rediseñar la cadena de proveedores completa.,"Industria automotriz y de autopartes, despachos de cumplimiento comercial",Crea nuevo escenario,4,4,4,2,1,Negro,Driver top-down (Cambio institucionalizado),Sistémico,Amenaza,Transformación,Sistemas,2,México
S09,Económico,México enfrenta un segundo y más profundo choque económico por la competencia comercial EE. UU.-China,"Shannon K. O'Neil, Council on Foreign Relations",Council on Foreign Relations / Bloomberg Opinion,https://www.cfr.org/articles/mexico-facing-second-and-worse-china-shock,2025-07-17,2026-08-17,"nearshoring, China, semiconductores, cadenas de suministro",México y el mundo,Mediano (3-6 años),Nueva información,"México queda entre dos potencias: expuesto a aranceles de EE. UU. y, a la vez, a un aumento de importaciones chinas que amenaza su manufactura de mayor valor agregado.",Antes: el nearshoring se veía como ventaja automática para México. Después: exige demostrar trazabilidad de origen y sustituir insumos asiáticos bajo presión de tiempo.,"Industria manufacturera y electrónica en México, empleo formal en el sector",Crea nuevo escenario,4,4,4,2,2,Blanco,Tendencia bloqueadora (contrafuerza),Sistémico,Amenaza,Transformación,Sistemas,2,México y el mundo
S10,Social,EE. UU. prioriza la eliminación del CJNG mediante cooperación internacional y combate a sus finanzas,U.S. Department of Justice / State Department,Departamento de Justicia de EE. UU.,https://www.justice.gov/opa/video/doj-state-dept-announce-latest-enforcement-efforts-eliminate-cartel-jalisco-nueva,2026-08-05,2026-08-17,"CJNG, crimen organizado, cooperación binacional, seguridad",México,Mediano (3-6 años),Nuevo plan / intención,"Estados Unidos reitera al CJNG como amenaza prioritaria transnacional, con foco en cooperación internacional y ataque a sus finanzas.",Antes: el combate al crimen organizado se percibía como asunto doméstico mexicano. Después: se coordina explícitamente como prioridad de seguridad binacional.,"Gobierno mexicano, sector exportador con exposición reputacional, comunidades afectadas",Crea nuevo escenario,3,4,4,1,1,Amarillo,Driver top-down (Cambio institucionalizado),Sistémico,Oportunidad,Transformación,Sistemas,2,México
S11,Social,El discurso político reciente es señalado como factor que profundiza el divisionismo en la sociedad mexicana,Diversos columnistas,Reforma,https://www.reforma.com/clasismo-criminal-2026-07-31/op318218,2026-07-31,2026-08-17,"divisionismo, cultura estratégica, polarización, discurso político",México,Largo (6-10 años),Nuevo tema / problema,"El tono del discurso público es identificado como catalizador de divisionismo social, con implicaciones para la cohesión y la seguridad nacional a largo plazo.",Antes: la cohesión social se asumía relativamente estable. Después: el propio discurso oficial se convierte en variable de riesgo para la estabilidad interna.,"Sociedad civil mexicana, fuerzas armadas, cohesión del Estado",Crea nuevo escenario,2,3,3,3,3,Rojo,Driver push (Fuerzas entorno),Cultural,Amenaza,Colapso,Cosmovisiones,3,México
S12,Social,El desorden informativo generado por IA se perfila como fuerza sistémica capaz de desestabilizar instituciones y mercados,GlobeScan,Centre for International Governance and information,https://www.cigionline.org/articles/then-and-now-how-does-ai-electoral-interference-compare-in-2025/,2026-08-07,2026-08-17,"desinformación, deepfakes, IA generativa, riesgo reputacional",Global,Corto (1-3 años),Nueva tendencia,"La desinformación generada por IA se identifica como riesgo transversal, con exposición desigual según sector, afectando confianza institucional, mercados y comportamientos humanos.","Antes: la desinformación requería producción humana y era más fácil de rastrear. Después: se genera a escala, de forma verosímil y casi instantánea.","Empresas expuestas a reputación, procesos electorales, consumidores",Crea nuevo escenario,4,4,4,2,2,Negro,Wild (card),Comportamental,Amenaza,Transformación,Cosmovisiones,1,Global
S13,Social,El estatus de puerto seguro de Dubái es puesto a prueba tras los ataques de 2026,Reuters (redacción),Reuters,https://www.reuters.com/world/middle-east/how-dubais-safe-haven-status-is-being-put-test-2026-03-02/,2026-03-02,2026-08-17,"Dubái, Emiratos Árabes Unidos, percepción de riesgo, inversión inmobiliaria",Global,Mediano (3-6 años),Hecho actual,"Tras ataques regionales, inversionistas reconsideran su exposición en Dubái; las transacciones inmobiliarias caen y algunos capitales se reubican hacia Singapur o Hong Kong.",Antes: Dubái se percibía como refugio estable en una región volátil. Después: su modelo de desarrollo mismo queda en entredicho.,"Inversionistas internacionales, sector turismo y bienes raíces del Golfo",Crea nuevo escenario,1,2,4,4,4,Rojo,Señal débil,Comportamental,Amenaza,Transformación,Letanía,2,Global
S14,Tecnológico,México enfrenta un rezago estructural en ciberseguridad frente a incidentes de alta frecuencia y sofisticación,Diego Valverde / SILIKN,Mexico Business News,https://mexicobusiness.news/cybersecurity/news/2026-cybersecurity-gaps-expose-mexico-numerous-threats,,2026-08-17,"ciberseguridad, Pemex, banca, infraestructura crítica",México,Corto (1-3 años),Tendencia ya identificada,"Empresas estratégicas mexicanas han sufrido incidentes de ciberseguridad significativos, evidenciando una desconexión entre el marco regulatorio y la capacidad de respuesta.",Antes: la infraestructura crítica se protegía principalmente contra fallas físicas. Después: enfrenta un vector de ataque digital creciente y poco regulado.,"Pemex, sector bancario, gobierno federal, usuarios finales",Confirma escenario actual,5,4,5,1,1,Negro,Tendencia bloqueadora (contrafuerza),Sistémico,Debilidad,Colapso,Sistemas,1,México
S15,Tecnológico,Un indicador clave de la estrategia nacional de ciberseguridad de México permanece sin cambios entre 2020 y 2025,BID / OEA CICTE,"Informe de Ciberseguridad 2025, BID/OEA",https://publications.iadb.org/en/publications/english/viewer/2025-Cybersecurity-Report-Vulnerability-and-Maturity-Challenges-to-Bridging-the-Gaps-in-Latin-America-and-the-Caribbean.pdf,,2026-08-17,"estrategia nacional, ciberseguridad, BID, OEA, madurez institucional",México,Mediano (3-6 años),Nuevo tema / problema,Indicadores clave de estrategia y contenido de la política de ciberseguridad mexicana se han mantenido estancados durante cinco años consecutivos.,"Antes: se asumía una mejora gradual de capacidades. Después: el estancamiento institucional se vuelve visible frente a amenazas que sí evolucionan (ransomware, IA generativa).","Gobierno federal, sector financiero, empresas reguladas",Confirma escenario actual,3,4,4,3,2,Blanco,Tendencia bloqueadora (contrafuerza),Sistémico,Debilidad,Continuidad,Sistemas,2,México
S16,Tecnológico,La rivalidad tecnológica EE. UU.-China presiona a México a modificar cadenas de suministro en electrónica y semiconductores,Laura Herrera,The Logistics World,https://thelogisticsworld.com/planeacion-estrategica/perspectivas-del-nearshoring-2026-que-se-espera-a-nivel-global-y-para-mexico/,,2026-08-17,"semiconductores, nearshoring, rivalidad tecnológica, manufactura",México y el mundo,Largo (6-10 años),Nueva tendencia,El nearshoring hacia México entra en una fase de mayor escrutinio político y regulatorio marcada por la revisión del T-MEC y el endurecimiento de controles a China.,Antes: el nearshoring se veía como flujo lineal y garantizado. Después: depende de decisiones geopolíticas externas sobre semiconductores y controles de exportación.,"Industria electrónica y automotriz, empleo manufacturero calificado",Crea nuevo escenario,4,4,4,2,2,Amarillo,Tendencia bloqueadora (contrafuerza),Sistémico,Oportunidad,Transformación,Sistemas,3,México y el mundo
S17,Tecnológico,Se lanza un grupo de trabajo binacional específico para atender el ransomware en México,Institute for Security and Technology,Institute for Security and Technology,https://securityandtechnology.org/blog/mexico-rtf/,,2026-08-17,"ransomware, task force, PyME, ciberseguridad binacional",México,Corto (1-3 años),Evento potencial,La creación de un grupo de trabajo binacional contra el ransomware confirma que el problema ya rebasa la capacidad de respuesta individual de las empresas.,Antes: el ransomware se veía como riesgo de grandes corporativos. Después: se reconoce como amenaza transversal que exige cooperación institucional específica.,"PyMEs mexicanas, sector financiero, gobiernos de México y EE. UU.",Crea nuevo escenario,3,4,4,3,2,Amarillo,Tendencia bloqueadora (contrafuerza),Intencional,Oportunidad,Transformación,Sistemas,1,México
S18,Ambiental,"Un comité de expertos concluye que es viable evaluar fracking en cuencas de Coahuila, Nuevo León y Tamaulipas, y recomienda prohibirlo en Tampico-Misantla",La Jornada (redacción),La Jornada,https://www.jornada.com.mx/2026/08/07/economia/015n1eco,2026-08-07,2026-08-17,"fracking, Coahuila, Sheinbaum, gas natural, agua salada",México,Mediano (3-6 años),Evento potencial,"Un comité de 54 expertos comisionado por la Presidenta Sheinbaum recomienda condiciones para explorar fracking en el norte de México, contradiciendo un compromiso de campaña previo en contrario, y pide prohibirlo en otra cuenca por razones ambientales.","Antes: el fracking estaba descartado como política de Estado. Después: se evalúa bajo condiciones técnicas, con consulta pública pendiente y presión de ONG.","Comunidades del norte de México, Pemex, organizaciones ambientales",Crea nuevo escenario,2,3,4,3,3,Negro,Driver top-down (Cambio institucionalizado),Intencional,Amenaza,Sociedad disciplinada,Cosmovisiones,2,México
S19,Ambiental,"Más de 1,100 km² del área metropolitana de Monterrey perdieron capacidad de recarga de acuífero por la expansión urbana","Nuñez-Flores, Vázquez del Carmen, et al.","Water (MDPI), vol. 18(5)",https://doi.org/10.3390/w18050616,2026-03-04,2026-08-17,"Monterrey, acuífero, estrés hídrico, expansión urbana",México,Corto (1-3 años),Nueva información,"Un estudio académico documenta la pérdida de capacidad de recarga del acuífero de Monterrey por urbanización acelerada, sequía recurrente y disponibilidad limitada de agua superficial.",Antes: el crecimiento industrial de Monterrey se asumía compatible con el suministro de agua. Después: ambos compiten estructuralmente por el mismo recurso finito.,"Industria manufacturera de Nuevo León, PyMEs, población metropolitana",Confirma escenario actual,5,5,5,2,1,Blanco,Megatendencia/Tendencia,Sistémico,Amenaza,Colapso,Sistemas,1,México
S20,Ambiental,"NOAA pronostica una temporada de huracanes 2026 por debajo de lo normal, en un contexto de exposición aseguradora estructuralmente alta",NOAA,National Oceanic and Atmospheric Administration,https://www.noaa.gov/news-release/noaa-predicts-below-normal-2026-atlantic-hurricane-season,2026-05-21,2026-08-17,"huracanes, Florida, reaseguro, exposición climática",México y el mundo,Corto (1-3 años),Nueva tendencia,"Pese a un pronóstico moderado, huracanes recientes (Ian, Idalia, Helene, Milton) han generado pérdidas de decenas de miles de millones de dólares, evidenciando exposición aseguradora estructural.",Antes: un pronóstico moderado se asociaba con tranquilidad para el mercado asegurador. Después: la severidad por evento importa más que la cantidad de eventos.,"Aseguradoras y reaseguradoras, propietarios en Florida y el Caribe",Crea nuevo escenario,2,3,4,1,1,Blanco,Megatendencia/Tendencia,Sistémico,Amenaza,Colapso,Sistemas,1,México y el mundo
S21,Ambiental,Terremotos recientes en Venezuela y Colombia reactivan el debate científico sobre el riesgo sísmico en México,Arturo Engels,ADN40,https://www.adn40.mx/ciencia/2026-08-11/temblara-durante-septiembre-en-mexico-esto-dice-la-ciencia-tras-los-terremotos-en-venezuela-colombia-y-japon/,2026-08-11,2026-08-17,"sismos, brecha de Guerrero, riesgo sísmico, Atlas Nacional de Riesgos",México,Largo (6-10 años),Evento potencial,"Los sismos recientes reabrieron el debate sobre una posible conexión entre ellos. Sin embargo, la ciencia reafirma que no existe evidencia de relación alguna. El riesgo sísmico en México es constante debido a su propia ubicación geográfica, no a los terremotos registrados en otros países.",Antes: el riesgo sísmico en México se discutía en ciclos largos y poco visibles. Después: patrones regionales recientes lo vuelven a poner en la conversación pública a pesar de no existir evidencia científica de correlación,"Población de zonas de alto riesgo sísmico, Protección Civil, sector asegurador",Confirma escenario actual,5,2,3,2,3,Blanco,Señal débil,Cultural,Amenaza,Continuidad,Mitos,3,México
S22,Ambiental,El deshielo acelerado del Ártico abre nuevas rutas comerciales y aviva la competencia por recursos entre potencias,Upasana Dutta,Earth.Org,https://earth.org/governing-the-melting-arctic-geopolitical-tensions-and-legal-gaps/,2025-08-25,2026-08-17,"Ártico, deshielo, rutas comerciales, Rusia, gobernanza polar",Global,Largo (6-10 años),Nueva tendencia,"El calentamiento acelerado del Ártico abre una ruta comercial potencialmente complementaria a Suez, Panamá y Hormuz, en una región donde Rusia mantiene una ventaja naval clara.",Antes: el Ártico era territorio marginal para el comercio global. Después: se perfila como corredor estratégico disputado por potencias con capacidades muy desiguales.,"Rusia, China, Estados Unidos, naciones árticas, transporte marítimo global",Crea nuevo escenario,1,2,3,5,5,Verde,Señal débil,Sistémico,Oportunidad,Transformación,Sistemas,3,Global
S23,Legal,El desempeño reciente de la Suprema Corte de Justicia es señalado como fuente de incertidumbre para la confianza de inversionistas,Abel Barajas,Reforma,https://www.reforma.com/ven-incertidumbre-e-inseguridad-juridica-en-reforma-judicial/ar3210331,2026-05-25,2026-08-17,"reforma judicial, Suprema Corte, incertidumbre jurídica, inversión",México,Mediano (3-6 años),Tendencia ya identificada,La reforma judicial y el desempeño de la nueva Suprema Corte generan cuestionamientos sobre la certeza jurídica para resolver conflictos legales.,Antes: el sistema judicial se percibía como árbitro relativamente previsible. Después: su composición y criterios recientes generan dudas sobre esa previsibilidad.,"Inversionistas nacionales y extranjeros, despachos legales, poder judicial",Crea nuevo escenario,5,5,5,1,1,Negro,Driver top-down (Cambio institucionalizado),Sistémico,Amenaza,Colapso,Sistemas,2,México
S24,Legal,La inversión en telecomunicaciones cae 87.7% tras la extinción del IFT y la creación de la CRT,Expansión (redacción),Expansión,https://expansion.mx/empresas/2026/07/08/inversion-telecom-desploma-tras-extincion-ift-creacion-crt,2026-07-08,2026-08-17,"IFT, CRT, telecomunicaciones, inversión extranjera, órganos autónomos",México,Mediano (3-6 años),Hecho actual,"Tras la desaparición de un regulador autónomo y su reemplazo por un órgano dependiente del Ejecutivo, la inversión extranjera en telecomunicaciones cae de forma pronunciada.","Antes: el sector contaba con un árbitro técnico independiente. Después: la regulación depende jerárquicamente del Poder Ejecutivo, generando dudas sobre su autonomía.","Operadores de telecomunicaciones, inversionistas extranjeros, usuarios finales",Confirma escenario actual,4,5,5,1,1,Blanco,Tendencia bloqueadora (contrafuerza),Sistémico,Amenaza,Colapso,Sistemas,2,México
S25,Legal,Miles de millones de dólares en inversión minera permanecen detenidos por falta de autorizaciones gubernamentales,Forbes México (redacción),Forbes México,https://forbes.com.mx/mexico-tiene-11000-mdd-en-proyectos-mineros-frenados-por-falta-de-permiso/,2026-08-03,2026-08-17,"permisos mineros, carga regulatoria, inversión detenida",México,Mediano (3-6 años),Nueva información,"Proyectos mineros por miles de millones de dólares no logran avanzar por falta de autorizaciones, evidenciando fricción regulatoria estructural.",Antes: la inversión extranjera se veía frenada principalmente por decisión empresarial. Después: la fricción administrativa del propio Estado se vuelve el cuello de botella.,"Sector minero, gobiernos estatales, comunidades en zonas de extracción",Confirma escenario actual,3,4,4,2,1,Blanco,Tendencia bloqueadora (contrafuerza),Sistémico,Debilidad,Continuidad,Sistemas,2,México
S26,Legal,Expertos de la ONU advierten que ataques contra embarcaciones bajo la etiqueta de guerra al narcoterrorismo violan el derecho a la vida,Oficina del Alto Comisionado de la ONU para los Derechos Humanos,OHCHR / Naciones Unidas,https://www.ohchr.org/en/press-releases/2025/09/us-war-narco-terrorists-violates-right-life-warn-un-experts-after-deadly,2025-09-16,2026-08-17,"derecho internacional, soberanía, uso de la fuerza, narcoterrorismo",Global,Mediano (3-6 años),Hecho actual,"Expertos de la ONU señalan que el derecho internacional no permite el uso unilateral de la fuerza en el extranjero para combatir el narcotráfico, y que ataques letales contra embarcaciones podrían ser ilegales.",Antes: el combate al narcotráfico en aguas internacionales se enmarcaba en cooperación e interdicción. Después: se documentan ataques letales cuestionados como violación al derecho internacional.,"Gobiernos de la región, marina mercante, organismos de derechos humanos",Crea nuevo escenario,2,3,4,3,2,Negro,Driver top-down (Cambio institucionalizado),Sistémico,Amenaza,Colapso,Cosmovisiones,2,Global
S27,Tecnológico,La NASA acelera un reactor nuclear lunar para 2030 ante el riesgo de que China y Rusia declaren una zona de exclusión,The New York Times (redacción),"The New York Times, edición en español",https://www.nytimes.com/es/2025/08/05/espanol/ciencia-y-tecnologia/ee-uu-reactor-nuclear-luna.html,2025-08-05,2026-08-17,"Luna, reactor nuclear, NASA, zona de exclusión, Artemis, carrera espacial",Global,Mediano (3-6 años),Evento potencial,"La NASA recibió una directiva para acelerar la construcción de un reactor nuclear en la Luna para 2030, ante el riesgo de que China y Rusia, en alianza, lo hagan primero y declaren una zona de exclusión lunar.",Antes: la presencia lunar se regía por cooperación bajo los Acuerdos Artemis. Después: quien instale primero un reactor podría restringir unilateralmente el acceso a regiones estratégicas con agua helada y otros recursos.,"NASA, industria aeroespacial privada de EE. UU., China, Rusia, marco legal internacional del espacio",Crea nuevo escenario,1,2,4,5,5,Blanco,Señal débil,Intencional,Sin clasificar,Transformación,Letanía,2,Global
S28,Tecnológico,El Proyecto Colmena de la UNAM buscó posar cinco microrobots en la Luna dentro del programa Artemisa; el aterrizaje no se completó por una falla del cohete Peregrine,Agencia Espacial Mexicana / Gaceta UNAM,gob.mx (AEM),https://www.gob.mx/aem/prensa/alta-tecnologia-de-micro-robots-mexicanos-viajara-a-la-superficie-lunar-agencia-espacial-mexicana-354836?idiom=es,2024-01-06,2026-08-17,"Colmena, UNAM, AEM, Artemisa, base lunar, Hidalgo, SRE",México y el mundo,Largo (6-10 años),Evento potencial,"México, vía UNAM, AEM, SRE y el estado de Hidalgo, desarrolló los primeros microrobots latinoamericanos para exploración lunar; el vehículo de lanzamiento Peregrine sufrió una fuga de propulsor que impidió el alunizaje, pero el programa continúa con Colmena 2 y 3 antes de 2030, dentro de la membresía de México en los Acuerdos Artemisa.","Antes: la actividad espacial mexicana era marginal, sin proyección internacional propia. Después: México se posiciona como socio técnico de Artemisa con ambición declarada de una base lunar mexicana y colaboración con otras bases.","Agencia Espacial Mexicana, UNAM, sector aeroespacial nacional, política exterior mexicana",Crea nuevo escenario,1,2,3,4,4,Amarillo,Señal débil,Intencional,Oportunidad,Transformación,Letanía,3,México y el mundo
S29,Tecnológico,Investigadores chinos factorizan un entero RSA de 22 bits con una computadora cuántica de recocido; la cobertura mediática exageró el alcance real del logro,Gyana Swain,CSO Online,https://www.csoonline.com/article/3562701/chinese-researchers-break-rsa-encryption-with-a-quantum-computer.html,2024-10-14,2026-08-17,"criptografía poscuántica, RSA, computación cuántica, D-Wave, NIST",Global,Mediano (3-6 años),Nueva información,"Un equipo de la Universidad de Shanghái factorizó un entero RSA de apenas 22 bits usando una computadora cuántica de recocido D-Wave; la cobertura lo presentó como 'RSA roto', pero especialistas (HSToday, LiveScience) aclaran que está a una distancia computacional astronómica de amenazar claves RSA reales de 2048 bits. El NIST publicó en agosto de 2024 sus primeros estándares federales de criptografía poscuántica.","Antes: la migración a criptografía poscuántica se veía como proyecto de largo plazo sin urgencia. Después: aunque el titular fue exagerado, aceleró la conversación corporativa sobre inventariar y migrar algoritmos vulnerables antes de que la amenaza cuántica real llegue.","Áreas de TI y ciberseguridad, bancos, gobierno, cualquier organización dependiente de RSA/AES",Crea nuevo escenario,3,2,2,5,3,Negro,Señal débil,Sistémico,Amenaza,Continuidad,Letanía,2,Global
S30,Político,"Un estudio académico propone entender las operaciones de paz de la ONU en Haití y Timor-Leste como 'laboratorios socio-políticos', ante el agotamiento del modelo tradicional",Joel-Ángel Bravo-Anduaga y Luis-Mauricio Rodríguez-Salazar,"URVIO. Revista Latinoamericana de Estudios de Seguridad, núm. 42",https://doi.org/10.17141/urvio.42.2025.6447,2025-05-01,2026-08-17,"mantenimiento de la paz, ONU, Haití, Timor-Leste, misiones políticas especiales",Global,Largo (6-10 años),Nueva tendencia,"El estudio documenta un agotamiento del modelo clásico de operaciones de paz de la ONU y una tendencia hacia misiones políticas especiales de despliegue más limitado, que los autores proponen estructurar como laboratorios socio-políticos.","Antes: la ONU respondía a conflictos con misiones de paz robustas y de larga duración. Después: la tendencia se mueve hacia intervenciones más pequeñas, ágiles y experimentales, con menor huella institucional.","Naciones Unidas, países receptores de intervención, organizaciones humanitarias y de cooperación internacional",Crea nuevo escenario,1,2,3,4,4,Verde,Señal débil,Sistémico,Oportunidad,Transformación,Cosmovisiones,3,Global
S31,Económico,Analistas señalan claroscuros en el Plan México: ambición geopolítica frente a restricciones fiscales y dependencia del T-MEC,Forbes México (redacción),Forbes México,https://forbes.com.mx/analistas-observan-claroscuros-en-el-plan-mexico/,2025-01-23,2026-08-17,"Plan México, nearshoring, política industrial, déficit fiscal, T-MEC",México,Mediano (3-6 años),Nuevo plan / intención,"El Plan México busca atraer 277 mil millones de dólares en inversión y ubicar al país entre las diez economías más grandes, apoyado en la revisión del T-MEC y la sustitución de importaciones asiáticas; analistas advierten que las metas de contenido nacional, empleo e inversión chocan con una meta de déficit fiscal del 3.9% del PIB difícil de sostener.","Antes: la política industrial mexicana carecía de una narrativa geopolítica explícita frente a EE. UU. y China. Después: el Plan México se presenta como estrategia deliberada de 'blindaje' norteamericano, con la viabilidad fiscal como variable más incierta.","Sector exportador y manufacturero, inversionistas, Secretaría de Hacienda, PyMEs integradas a cadenas de valor",Confirma escenario actual,4,4,3,2,1,Negro,Driver top-down (Cambio institucionalizado),Intencional,Oportunidad,Transformación,Letanía,2,México
S32,Económico,"Tres años después del anuncio de la Gigafactory de Tesla en Nuevo León, el terreno permanece vacío mientras Elon Musk desarrolla Starbase en Texas",Redacción Milenio,Milenio,https://www.milenio.com/negocios/ni-tesla-ni-empleos-en-nuevo-leon-por-gigafactory-asi-luce-el-lugar,2026-03-02,2026-08-17,"Tesla, Nuevo León, nearshoring, Starbase, gigafactory",México,Corto (1-3 años),Hecho actual,"Tesla anunció en marzo de 2023 una inversión de hasta 10,000 millones de dólares en Santa Catarina, Nuevo León; Musk suspendió la construcción en julio de 2024 y, para 2026, el terreno sigue vacío. Un proveedor ya instalado (AGP Glass) cerró su planta en octubre de 2024. Musk desarrolló en paralelo Starbase, una ciudad propia en Texas para sus empleados.","Antes: el anuncio de Tesla se usaba como prueba de que el nearshoring hacia México era imparable. Después: se convierte en el ejemplo de que un anuncio de inversión no garantiza que el capital llegue, y de que la competencia real puede ser el propio Texas.","Gobierno de Nuevo León, proveedores automotrices que se instalaron esperando la planta, narrativa nacional de nearshoring",Crea nuevo escenario,4,5,5,2,1,Negro,Tendencia bloqueadora (contrafuerza),Intencional,Amenaza,Continuidad,Cosmovisiones,1,México
S33,Social,"Meta elimina su programa de verificadores de datos en Facebook e Instagram y lo reemplaza por Notas de la Comunidad, al estilo de X",Redacción CNN en Español,CNN en Español,https://cnnespanol.cnn.com/2025/01/07/ciencia/meta-quita-verificadores-datos-moderacion-trax,2025-01-07,2026-08-17,"Meta, fact-checking, notas de la comunidad, moderación de contenido, desinformación",Global,Corto (1-3 años),Hecho actual,"Meta anunció el fin de su programa de verificación de datos externos en Facebook, Instagram y Threads, sustituyéndolo por 'notas de la comunidad' impulsadas por usuarios, similar a X. El cambio comenzó en Estados Unidos, con expansión prevista a otros países, coincidiendo con la toma de posesión de Donald Trump.","Antes: organizaciones acreditadas de fact-checking etiquetaban contenido falso en las plataformas de Meta. Después: la verificación depende del consenso de usuarios, un modelo más rápido pero más manipulable en temas polarizados.","Empresas con exposición reputacional en redes, medios de comunicación, organizaciones de verificación de datos",Crea nuevo escenario,3,4,5,2,2,Negro,Driver top-down (Cambio institucionalizado),Sistémico,Amenaza,Transformación,Cosmovisiones,1,Global
S34,Político,"La Consejería Jurídica de la Presidencia presenta un análisis que identifica una 'red de amplificación digital' de más de 560,000 cuentas críticas al gobierno; periodistas y oposición rechazan la caracterización como lista negra",Infobae México (redacción),Infobae México,https://www.infobae.com/mexico/2026/08/13/luisa-maria-alcalde-acusa-red-digital-de-criticas-contra-el-gobierno-exhibe-lista-con-mas-de-500-mil-cuentas-contra-la-4t/,2026-08-13,2026-08-17,"red de amplificación digital, libertad de prensa, desinformación, Consejería Jurídica",México,Corto (1-3 años),Hecho actual,"La consejera jurídica de la Presidencia presentó un informe que clasifica en cuatro capas -medios, figuras políticas, cuentas anónimas y bots- una supuesta red de más de 560,000 cuentas que amplifican críticas al gobierno, incluyendo por nombre a periodistas reconocidos. Periodistas y oposición rechazaron el ejercicio, calificándolo de lista negra hecha con recursos públicos.","Antes: la crítica periodística y la desinformación en redes se trataban como fenómenos separados. Después: el gobierno los presenta como parte de una misma red coordinada, difuminando la frontera entre periodismo crítico y manipulación digital.","Medios de comunicación, periodistas, empresas de análisis de redes sociales, sociedad civil",Crea nuevo escenario,3,4,3,3,2,Rojo,Señal débil,Cultural,Amenaza,Sociedad disciplinada,Cosmovisiones,1,México
S35,Económico,"La Iniciativa de la Franja y la Ruta consolida en 2026 una fase de 'alta calidad', con mayor peso en infraestructura digital y energía eléctrica frente a los combustibles fósiles",Green Finance & Development Center,"Green Finance & Development Center, FISF Fudan University",https://greenfdc.org/chinas-investment-and-construction-engagement-in-the-belt-and-road-initiative-bri-2026-h1/,2026-07-26,2026-08-17,"Belt and Road, BRI, China, infraestructura, puertos, ferrocarriles",Global,Largo (6-10 años),Tendencia ya identificada,"En el primer semestre de 2026, el compromiso ferroviario de China en países BRI superó los 11,700 millones de dólares (más que todo 2025) y el 69% de su participación energética se concentró en generación eléctrica, no en combustibles fósiles como en años previos.","Antes: la BRI se asociaba principalmente con megaproyectos de infraestructura física financiados con deuda. Después: se reorienta hacia proyectos más pequeños, de 'alta calidad', con fuerte componente digital y energético.","Países receptores de inversión china, competidores comerciales occidentales, cadenas de suministro globales",Confirma escenario actual,2,3,4,2,2,Blanco,Driver top-down (Cambio institucionalizado),Sistémico,Sin clasificar,Transformación,Sistemas,3,Global
S36,Económico,"El G7 relanzó su iniciativa de infraestructura global (B3W, 2021) como la Asociación para la Infraestructura y la Inversión Global (PGII) en 2022, tras dificultades legislativas en EE. UU.",Center for Strategic and International Studies (CSIS),CSIS,https://www.csis.org/analysis/future-considerations-partnership-global-infrastructure-and-investment,2026-06-29,2026-08-17,"B3W, PGII, G7, infraestructura, contrapeso a la Franja y la Ruta",Global,Largo (6-10 años),Nuevo plan / intención,"El G7 anunció en 2021 el Build Back Better World (B3W) como respuesta occidental a la Franja y la Ruta china; ante la falta de detalles y trabas legislativas en EE. UU., se relanzó en 2022 como PGII, con una meta de movilizar 600,000 millones de dólares para 2027.","Antes: Occidente carecía de una alternativa articulada al financiamiento chino de infraestructura. Después: existe un marco formal (PGII), aunque su ejecución ha sido más lenta y menos visible que la de su contraparte china.","Países de renta media y baja receptores de inversión, gobiernos del G7, competidores de la BRI",Resuelve una incertidumbre,1,2,3,3,3,Blanco,Tendencia bloqueadora (contrafuerza),Intencional,Oportunidad,Transformación,Sistemas,3,Global
S37,Político,Reportan narcobloqueos con vehículos incendiados en Michoacán tras operativo contra el CJNG,La Jornada (redacción),La Jornada (redacción),https://www.lajornadamaya.mx/nacional/267199/reportan-narcobloqueos-con-vehiculos-incendiados-en-michoacan-tras-operativo-contra-cjng-tangancicuaro-zamora-los-guerreros-el-tio-lako,,2026-08-18,"Narcobloqueos, CJNG, Michoacán, veto criminal, gobernanza local, infraestructura vial",México,Corto (1-3 años),Tendencia ya identificada,Reacción violenta mediante quema de transporte y cierre de carreteras en Tangancícuaro y Zamora como respuesta de contención defensiva tras un operativo federal/estatal contra mandos del CJNG (célula Los Guerreros / El Tío Lako).,"Antes: La reacción criminal ante operativos del Estado se manifestaba principalmente en enfrentamientos armados directos o huida de los mandos en la zona de impacto local. Después: Se consolida el narcobloqueo coordinado y la quema de transporte como una táctica estandarizada de veto e imposición de costos, convirtiendo la infraestructura vial crítica y la conectividad económica regional en un rehén estratégico instantáneo para paraliar la acción de la fuerza pública.","Población civil, transportistas, comercio local, cadenas de suministro regionales y fuerzas de seguridad.",Confirma escenario actual,3,5,5,1,1,Blanco,Tendencia bloqueadora (contrafuerza),Sistémico,Amenaza,Colapso,Sistemas,1,México
S39,Legal,El Congreso de EE. UU. condiciona por ley la asistencia en seguridad y combate al narcotráfico a México a que el Secretario de Estado certifique el cumplimiento del Tratado de Aguas de 1944,Redacción Infobae México,Infobae México (con base en la Ley de Asignaciones Consolidadas de 2026 y reporte de Congress.gov/CRS),https://www.infobae.com/mexico/2026/02/05/eeuu-condiciona-a-mexico-la-ayuda-para-combatir-al-narcotrafico-con-tratado-de-aguas-de-1944/,2026-02-05,2026-08-20,"Tratado de 1944, Río Bravo, deuda de agua, condicionalidad, asistencia de seguridad, sequía",México (frontera norte) / EE. UU.,Corto (1-3 años),Nuevo tema / problema,"La Ley de Asignaciones Consolidadas de 2026 de EE. UU. condiciona los fondos de cooperación antidrogas a México a que el Departamento de Estado certifique la entrega de agua de los ríos Bravo, Colorado y Tijuana bajo el Tratado de 1944. Aunque en febrero de 2026 ambos países pactaron un plan técnico con seguimiento mensual, la condicionalidad legal sigue vigente y el cumplimiento mexicano depende en gran medida de una sequía histórica fuera de su control.","Antes: el rezago hídrico de México se gestionaba como fricción técnica bilateral, resuelta por la CILA, sin cruce con otras agendas. Después: el cumplimiento del Tratado de 1944 queda atado por ley a la entrega de fondos de seguridad y combate al narcotráfico, convirtiendo una variable hidrológica en palanca de política exterior y de seguridad binacional.","Gobiernos de México y EE. UU., CILA, productores agrícolas de la frontera norte",Confirma escenario actual,3,4,4,5,4,Sin clasificar,Sin clasificar,Sin clasificar,Sin clasificar,Sin clasificar,Sin clasificar,1,México
S40,Político,"EE. UU. acusa y pide la extradición del gobernador de Sinaloa, Rubén Rocha Moya, y otros nueve funcionarios por presuntos vínculos con ""Los Chapitos""",Redacción CNN en Español,CNN en Español / Factchequeado,https://cnnespanol.cnn.com/2026/04/29/mexico/acusacion-gobernador-sinaloa-ruben-rocha-orix,2026-04-29,2026-08-20,"Rubén Rocha, Sinaloa, extradición, Los Chapitos, SDNY, soberanía",México (Sinaloa) / EE. UU.,Corto (1-3 años),Hecho actual,"El DOJ acusó al gobernador en funciones de Sinaloa y a nueve funcionarios/exfuncionarios de proteger a ""Los Chapitos"" a cambio de pagos y respaldo electoral. Rocha pidió licencia dos días después; es la primera imputación y solicitud de extradición de un gobernador mexicano en ejercicio.","Antes: la justicia estadounidense procesaba mandos criminales o exfuncionarios, respetando como línea no escrita la investidura de gobernadores en activo. Después: un gobernador puede ser imputado y con extradición solicitada mientras gobierna, erosionando la frontera entre justicia extraterritorial y soberanía estatal, con precedente replicable.","Gobierno de Sinaloa, inversionistas con operación en el estado, relación diplomática bilateral, otros gobernadores expuestos",Confirma escenario actual,4,5,5,5,1,Sin clasificar,Sin clasificar,Sin clasificar,Sin clasificar,Sin clasificar,Sin clasificar,1,México
S41,Económico,Las remesas a México caen 4.6% en 2025 — primera contracción anual en más de una década — por deportaciones y envejecimiento de la comunidad migrante,CNN en Español / Universidad de Guadalajara (CUCEA),CNN en Español; Universidad de Guadalajara,https://cnnespanol.cnn.com/2026/05/14/mexico/remesas-mexico-caida-2025-etapa-crecimiento-lento-2026-orix,2026-05-14,2026-08-20,"remesas, deportaciones, migración, Banxico, choque estructural",México / EE. UU.,Mediano (3-6 años),Hecho actual,"Tras 11 años de crecimiento, las remesas cayeron 4.6% en 2025, impulsadas por ~160,000 deportaciones y el envejecimiento de la cohorte migrante (envían remesas ~30 años en promedio). La recuperación de 2026 (1.4% en Q1) se explica más por depreciación del peso que por mejora estructural.","Antes: las remesas eran un flujo resiliente y en expansión, amortiguador anticíclico de los hogares. Después: entran en meseta estructural de crecimiento lento, atada a variables demográficas y migratorias que México no controla.","Hogares receptores (~4% del PIB), consumo/retail en Jalisco, Michoacán, Guanajuato; banca y remesadoras; Banxico",Confirma escenario actual,4,5,5,3,2,Sin clasificar,Sin clasificar,Sin clasificar,Sin clasificar,Sin clasificar,Sin clasificar,2,México
S42,Social,"Protestas ""Generación Z"", organizadas en Discord tras el asesinato del alcalde de Uruapan, se replican en México siguiendo una ola global (Nepal, Bangladés, Kenia, Marruecos, Indonesia, Perú)",Redacción Infobae México / Milenio,Infobae México; Milenio,https://www.infobae.com/mexico/2025/11/20/quienes-son-la-generacion-z-y-por-que-estan-en-el-centro-del-debate-en-mexico/,2025-11-20,2026-08-20,"Generación Z, Discord, Uruapan, Manzo, protesta digital, polarización",México (nacional) / Global,Corto (1-3 años),Nueva tendencia,"Tras el asesinato del alcalde de Uruapan, colectivos juveniles convocaron de forma descentralizada (Discord, Instagram) una marcha nacional el 15N bajo demandas de seguridad y fin de la impunidad, replicando la ola global de protestas Gen Z. El movimiento fue rápidamente disputado por actores políticos de distintos signos.","Antes: la protesta social se organizaba vía estructuras sindicales, partidarias o de sociedad civil identificables. Después: aparece un vector descentralizado, de origen transnacional y sin interlocutor único, difícil de negociar o anticipar y altamente susceptible de captura narrativa.","Gobierno federal/estatal, empresas con exposición reputacional en redes, seguridad privada, marcas orientadas a jóvenes",Confirma escenario actual,2,4,4,4,3,Sin clasificar,Sin clasificar,Sin clasificar,Sin clasificar,Sin clasificar,Sin clasificar,1,México y el mundo
S43,Tecnológico,La Asociación Mexicana de Data Centers advierte que ningún centro de datos del país tiene la capacidad eléctrica mínima (250 MW) para operar IA a escala,Redacción Forbes México,Forbes México,https://forbes.com.mx/afirman-que-no-hay-suficiente-energia-en-mexico-para-data-centers-de-ia/,2026-06-23,2026-08-20,"centros de datos, IA, energía eléctrica, CFE, infraestructura crítica",México,Corto (1-3 años),Nuevo tema / problema,"Operar IA a escala requiere ≥250 MW por instalación; el centro de datos más grande de México (Querétaro) opera con 149 MW, y el total nacional instalado ronda 280 MW — muy por debajo del umbral, pese a anuncios de inversión multimillonaria para atraer infraestructura de IA.",Antes: se asumía que la brecha energética para IA era un problema de mediano plazo resoluble con inversión en generación. Después: se revela una brecha estructural inmediata entre la ambición de México como hub de IA y la capacidad real de su red para sostener una sola instalación de cómputo de punta.,"CFE, industria de centros de datos (Querétaro, Nuevo León), Plan México digital, empresas de nearshoring dependientes de cómputo en la nube",Confirma escenario actual,3,5,5,3,2,Sin clasificar,Sin clasificar,Sin clasificar,Sin clasificar,Sin clasificar,Sin clasificar,1,México
S44,Ambiental,"Apagones recurrentes por sobrecarga térmica golpean al norte industrial (Chihuahua, Nuevo León, Coahuila, Tamaulipas, Sonora) ante una red de distribución envejecida",Industry & Energy Magazine / El Informador,Industry & Energy Magazine; El Informador,https://www.parallaxradio.net/post/apagones-en-m%C3%A9xico-2026-un-sistema-el%C3%A9ctrico-al-l%C3%ADmite-que-castiga-especialmente-al-norte,2026-07-09,2026-08-20,"apagones, CFE, red eléctrica, calor extremo, norte industrial",México (norte industrial),Corto (1-3 años),Hecho actual,"Olas de calor >45°C dispararon la demanda de A/C y sobrecargaron una red de distribución envejecida, provocando apagones recurrentes (hasta 26 h en Hermosillo) en los polos manufactureros del norte. La CFE atribuye los cortes a mantenimiento, clima y fauna y descarta crisis de generación, pero hay pérdidas económicas y bloqueos ciudadanos.","Antes: el riesgo eléctrico industrial se asociaba a disponibilidad de generación. Después: el cuello de botella se traslada a la red de distribución local, envejecida y expuesta al estrés térmico, introduciendo interrupciones impredecibles justo en la región que concentra la mayor apuesta de nearshoring.","Industria manufacturera y de autopartes del norte, clústeres de nearshoring, CFE, población metropolitana",Confirma escenario actual,4,5,5,2,1,Sin clasificar,Sin clasificar,Sin clasificar,Sin clasificar,Sin clasificar,Sin clasificar,1,México
